<?xml version="1.0" encoding="UTF-8"?>

<mule xmlns:ee="http://www.mulesoft.org/schema/mule/ee/core"
	xmlns="http://www.mulesoft.org/schema/mule/core" xmlns:doc="http://www.mulesoft.org/schema/mule/documentation"
	xmlns:xsi="http://www.w3.org/2001/XMLSchema-instance"
	xsi:schemaLocation="http://www.mulesoft.org/schema/mule/core http://www.mulesoft.org/schema/mule/core/current/mule.xsd">
	<configuration-properties doc:name="Configuration properties" doc:id="8de68c29-27f3-48b2-b2af-8b4ea6331deb" file="properties/common.yaml" />
	<error-handler name="api_exception_strategy">
		<on-error-propagate enableNotifications="true" logException="true" doc:name="All Other Error Handler" doc:id="1f798c2f-37fe-42c6-8b55-a9ead55c80ba" when="#[(p('exception.system') splitBy &quot;,&quot;) contains error.errorType.asString]">
			<flow-ref doc:name="systemErrorSubFlow" doc:id="5816d9d0-fa22-4091-8e30-2a1c27044c4f" name="systemErrorSubFlow" />
		</on-error-propagate>
		<on-error-propagate enableNotifications="true" logException="true" doc:name="All Other Error Handler" doc:id="47d9ea49-2ce6-4f12-8ec9-0a368b18d86c" when="#[(p('exception.data') splitBy &quot;,&quot;) contains error.errorType.asString]">
			<flow-ref doc:name="dataErrorSubFlow" doc:id="03c0fa9a-626d-43df-8e6c-0de6105a241a" name="dataErrorSubFlow" />
		</on-error-propagate>
		<on-error-propagate type="ANY">
			<flow-ref doc:name="systemErrorSubFlow" doc:id="291b9965-b9ca-4ecc-a2cb-3a727d7ddd09" name="anyErrorSubFlow" />
		</on-error-propagate>
	</error-handler>
	<error-handler name="messaging_exception_strategy">
		<on-error-propagate enableNotifications="true"
			logException="true" doc:name="All Other Error Handler"
			doc:id="d4159500-94a1-4511-8645-608c7e1c3f61"
			when="#[(p('exception.data') splitBy &quot;,&quot;) contains error.errorType.asString]">
			<flow-ref doc:name="dataErrorSubFlow"
				doc:id="81367051-4301-4544-afba-e3e8521d56bc"
				name="dataErrorSubFlow" />
		</on-error-propagate>

		<on-error-propagate enableNotifications="true"
			logException="true" doc:name="All Other Error Handler"
			doc:id="f3d7c260-73d6-4f52-b11c-7f52c5c02b71"
			when="#[(p('exception.system') splitBy &quot;,&quot;) contains error.errorType.asString]">
		
			<flow-ref doc:name="systemErrorSubFlow"
				doc:id="8159327e-6fc4-4c5f-b5a0-016275d7ef14"
				name="systemErrorSubFlow" />
		</on-error-propagate>

		<on-error-propagate type="ANY">
			<flow-ref doc:name="anyErrorSubFlow"
				doc:id="8869295c-8da0-4a9a-91e0-30a55d9b81e4"
				name="anyErrorSubFlow" />
		</on-error-propagate>
	</error-handler>
	<sub-flow name="anyErrorSubFlow" doc:id="65679dcd-91f8-41ab-a04e-faced94536c2" >
		<ee:transform xmlns:ee="http://www.mulesoft.org/schema/mule/ee/core" xsi:schemaLocation="
http://www.mulesoft.org/schema/mule/jms http://www.mulesoft.org/schema/mule/jms/current/mule-jms.xsd http://www.mulesoft.org/schema/mule/ee/core http://www.mulesoft.org/schema/mule/ee/core/current/mule-ee.xsd">
				<ee:message>
					<ee:set-payload><![CDATA[%dw 2.0
output application/json
---
{
	errorDetails: {
		"errorMessage": error.errorMessage.payload.errorDetails.errorMessage default error.detailedDescription,
		"errorType": error.errorType.asString,
		"errorCode": error.muleMessage.attributes.StatusCode default 500,
		"location": error.failingComponent,
		"severity": "CRITICAL",
		"errorClassification": "UNKNOWN"
	}
}]]></ee:set-payload>
				</ee:message>
				<ee:variables>
					<ee:set-variable variableName="httpStatus"><![CDATA[(error.muleMessage.attributes.StatusCode as Number) default 500]]></ee:set-variable>
				</ee:variables>
			</ee:transform>
		<flow-ref doc:name="gw-errorlog-flow" doc:id="5ea02ce1-d24b-4db6-bf4d-52e6529d9ab4" name="gw-errorlog-flow" />
	</sub-flow>
	<sub-flow name="systemErrorSubFlow" doc:id="08ac92f7-f642-4321-bdb7-a57494ad31e5" >
		<ee:transform doc:name="Transform Message" doc:id="24fd8285-7a17-486d-b165-3351e653992e" xsi:schemaLocation="http://www.mulesoft.org/schema/mule/ee/core http://www.mulesoft.org/schema/mule/ee/core/current/mule-ee.xsd">
				<ee:message>
					<ee:set-payload><![CDATA[%dw 2.0
output application/json
---
{
	errorDetails: {
		"errorMessage": error.detailedDescription,
		"errorType": error.errorType.asString,
		"errorCode": error.muleMessage.attributes.StatusCode default 500,
		"location": error.failingComponent,
		"severity": "CRITICAL",
		"errorClassification": "SYSTEM"
	}
}]]></ee:set-payload>
				</ee:message>
				<ee:variables>
					<ee:set-variable variableName="httpStatus"><![CDATA[(error.muleMessage.attributes.StatusCode as Number) default 500]]></ee:set-variable>
				</ee:variables>
			</ee:transform>
		<flow-ref doc:name="gw-errorlog-flow" doc:id="994d3b56-c24a-448d-a675-a1e813b95e44" name="gw-errorlog-flow" />
	</sub-flow>
	<sub-flow name="dataErrorSubFlow" doc:id="bffa0c7b-9a09-41e1-b479-f198fb2364b8" >
		<ee:transform doc:name="Transform Message" doc:id="64b65040-dda3-4003-9818-93601fa7bdf0" xsi:schemaLocation="http://www.mulesoft.org/schema/mule/ee/core http://www.mulesoft.org/schema/mule/ee/core/current/mule-ee.xsd">
				<ee:message>
					<ee:set-payload><![CDATA[%dw 2.0
output application/json
---
{
	"errorDetails": {
		"errorMessage": error.detailedDescription,
		"errorType": error.errorType.asString,
		"errorCode": error.muleMessage.attributes.StatusCode default 400,
		"location": error.failingComponent,
		"severity": "MEDIUM",
		"errorClassification": "DATA"
	}
}]]></ee:set-payload>
				</ee:message>
				<ee:variables>
					<ee:set-variable variableName="httpStatus"><![CDATA[(error.muleMessage.attributes.StatusCode as Number) default 400]]></ee:set-variable>
				</ee:variables>
			</ee:transform>
		<flow-ref doc:name="gw-errorlog-flow" doc:id="83c7af66-6e1c-422d-bbf9-d3d107536c7c" name="gw-errorlog-flow" />
	</sub-flow>
	<sub-flow name="gw-errorlog-flow" doc:id="c59b0a0d-3dc7-498b-84dc-10d76b4bc042" >
		<logger level="INFO" doc:name="Logger" doc:id="7a35b10f-2a76-4ad3-9abd-a349122a0f94" message="ErrorMsg : #[payload]"/>
	</sub-flow>
	</mule>
